Longitude,Latitude,UHI Index
-73.971665,40.78876333,0.9869518573716668
-73.97192833,40.788875,0.9887594008741658
-73.96708,40.78908,1.0002048517000004
-73.97255,40.78908167,1.003530360990833
-73.96969667,40.78795333,0.9871251950383332
-73.97021167,40.78418333,0.9789187054249997
-73.96975167,40.78470833,0.9813769259849998
-73.96676667,40.78886333,0.9846988291924997
-73.97130333,40.788585,0.9976721031083329
-73.966635,40.78418333,0.9800409177197609
-73.98672167,40.78182667,0.9793598627600001
-73.95032333,40.81512333,0.9980430599991665
-73.98230833,40.76774167,1.0152294473066668
-73.96508333,40.78370667,0.9907109514799999
-73.97968333,40.77094667,0.9928999096822225
-73.95570333,40.79593833,0.98398342958631
-73.97289167,40.78512667,0.986024009979761
-73.95583833,40.78309833,0.9889088172666669
-73.96325,40.781915,0.973639241130001
-73.94459,40.777375,0.9972321391419403
-73.97195,40.78476,0.998712489259166
-73.94579667,40.781725,0.988887420556667
-73.98071167,40.78740333,1.000531331953333
-73.96015833,40.758905,0.9944157122500006
-73.98460333,40.78264333,0.9810487626583339
-73.97688333,40.79036333,0.99164832084
-73.94998833,40.81563833,0.9799938313300008
-73.94784,40.77889,0.9957570951666667
-73.973275,40.78934667,0.9823217481399986
-73.95970667,40.79867333,1.0007800391299997
-73.94704833,40.78009,0.9901870921500007
-73.982415,40.76795333,0.9864210260316666
-73.97984667,40.78694667,0.9989354721083334
-73.98738167,40.78111,0.9843009461741665
-73.97607667,40.789975,0.9869040152524993
-73.96195667,40.79138333,0.9847400599133342
-73.97963,40.78667,0.9874305194766652
-73.95438833,40.78251333,0.9955504604100003
-73.96295833,40.79177333,0.9864044376283337
-73.941705,40.790355,0.9979896883350007
-73.98581667,40.78309667,0.9796345340674995
-73.96991,40.79022,0.9873918128683333
-73.95996333,40.79833667,0.9898256313708333
-73.98242,40.76804,0.998365693853334
-73.97728333,40.77158667,0.9867609696441666
-73.94637333,40.77291833,0.9734169796174986
-73.96973667,40.79016,0.9839629659566667
-73.95559167,40.796185,0.9731317295800003
-73.96010333,40.75887667,0.9856901712350006
-73.97565,40.78978167,0.9859892448466673
-73.95958667,40.79883167,0.9941202448933335
-73.95093167,40.81433333,0.9938396831283332
-73.98085833,40.76942167,0.9869131510649995
-73.96359333,40.78273833,0.9844746270582138
-73.96236,40.78117,0.9974800131999995
-73.98243167,40.76812833,1.0008329297608343
-73.98065667,40.78737833,1.000531331953333
-73.96223833,40.79151333,0.9731487989700003
-73.97228167,40.784905,0.9964029639986667
-73.984475,40.78302333,0.97897351945
-73.97515667,40.78964,0.9947209161958334
-73.96217833,40.78093667,0.9843971112458333
-73.95764833,40.7896,1.000717617638096
-73.89286,40.84138833,1.0036384265449996
-73.95836333,40.78989667,0.9920344236599995
-73.93310667,40.79522,0.9925715059360002
-73.898815,40.80721667,0.9909743237758335
-73.975995,40.78651667,1.00244549853
-73.98061167,40.78789333,0.9924178821449996
-73.96706333,40.807085,0.9969101147308329
-73.96702333,40.79345333,0.9932220626566672
-73.98249667,40.77439333,1.0053615335538102
-73.95459,40.79726333,0.9938973822166666
-73.93384167,40.79543,1.0038348841124993
-73.97887167,40.78633833,0.9797912836087499
-73.98053,40.78922667,0.9832749846166676
-73.9723,40.79635667,0.9866877982594049
-73.98471,40.785675,0.9996879641300004
-73.98227833,40.77546,1.0142778936150014
-73.94239,40.78637333,0.990613824679999
-73.97824333,40.78618,0.9844590174200006
-73.97923667,40.78652667,0.9849921329458331
-73.977965,40.79070667,0.9977430248200007
-73.973785,40.78925667,0.983500371701667
-73.95881833,40.79981333,1.0035732747860004
-73.98191,40.76774,0.9846393272800006
-73.98061833,40.78785167,0.9864661034541671
-73.92448833,40.84360667,0.989023253793333
-73.89894667,40.80784333,1.0096055916741669
-73.95300667,40.768135,1.0006186019066665
-73.956465,40.79106833,0.9798000986806668
-73.94668333,40.78053667,0.9993352384658334
-73.955205,40.795475,0.9747890151908334
-73.97388833,40.79209333,1.000387444850833
-73.95322833,40.78605333,0.9920957291349997
-73.97746833,40.78691833,1.016407469826668
-73.93201,40.79670167,1.0017783531916664
-73.982295,40.77552167,0.9865816047648811
-73.94437,40.77540667,0.9949967898050001
-73.97374167,40.79201333,0.9962759059099997
-73.94584167,40.78166,0.9861409453420004
-73.97750833,40.78687833,1.0089659736700005
-73.98251167,40.77422333,1.0080008364299997
-73.95585,40.80458667,1.004298279406667
-73.89406167,40.84209167,1.0044132770225007
-73.94356667,40.776545,0.9919956742597027
-73.97264167,40.79146333,1.003272999355
-73.980605,40.78903,0.9892732831150005
-73.95382833,40.78774167,1.0032584541641671
-73.96049833,40.75905833,0.987527886509999
-73.94182667,40.79043,0.9967070175344047
-73.95644,40.78324167,0.9857969145933332
-73.95949,40.75906667,0.9960434953763098
-73.97020667,40.79417333,0.991145462957261
-73.89813167,40.81011333,1.00890202377
-73.94727833,40.77857833,0.9913897397023815
-73.97653167,40.78666,0.9882668466833573
-73.98390167,40.78367667,0.9892239985350002
-73.899475,40.80542167,0.9985556199533331
-73.95653167,40.79101833,0.9792435431006663
-73.94396667,40.77597333,1.0012203551668333
-73.98472333,40.78499833,0.9943758895089289
-73.94893667,40.77330833,0.9903984148809998
-73.98470667,40.78573,0.9996879641300004
-73.96068667,40.75916167,0.9901779562849995
-73.951185,40.79774,1.0032770862583336
-73.95443833,40.797615,0.9800534535566671
-73.97065667,40.76783,0.9957675530545008
-73.95697833,40.783335,0.9973102818510006
-73.95362833,40.78617833,0.9963077606216659
-73.93213833,40.79653667,1.0056429882700002
-73.95492333,40.79676667,0.9931993780738492
-73.887255,40.82287167,1.0037497377000009
-73.95680833,40.79073667,0.9755108544733337
-73.92461167,40.84343167,0.9906004474872618
-73.902365,40.80613167,1.003462186851547
-73.89948167,40.81362667,0.9960728427854292
-73.9465,40.78071167,0.9949169727199998
-73.947145,40.805955,0.9926882163005835
-73.95983667,40.80953,0.9885123768100003
-73.95479667,40.79690667,0.9895052813733336
-73.945695,40.78186167,1.0036980491333336
-73.971625,40.791,1.0026827858883336
-73.97831833,40.7908,0.992927196526667
-73.97892167,40.79080333,1.0003947775850002
-73.88750833,40.8226,1.0015205104150005
-73.983185,40.78434667,0.9917818185804765
-73.97217667,40.7966,0.987977338130833
-73.94266,40.78591667,0.9886140027278576
-73.94932167,40.77342667,0.9915932662291668
-73.98251167,40.77396333,1.0030429242000007
-73.94351667,40.77660833,0.983371578997976
-73.95702833,40.79038833,0.9832939771995002
-73.96737333,40.806175,0.9945570749700005
-73.95818167,40.78188,0.9872832663541664
-73.94980333,40.816245,1.0011338265957501
-73.91806833,40.83678667,0.9962204907313326
-73.95192833,40.77375833,0.9933717196424994
-73.95868167,40.79000333,0.9782085946158099
-73.96004167,40.773365,1.0004596890799995
-73.89871333,40.806685,0.991393723783334
-73.92465667,40.843095,1.00160597705
-73.98121,40.76888333,0.9910469283141663
-73.954495,40.78656667,0.9926820956949998
-73.95993833,40.77355667,1.0061400417008337
-73.97859167,40.790915,0.9994207454158335
-73.95254167,40.76849333,0.9878620602166663
-73.97175333,40.79723333,0.9881433430716658
-73.96372167,40.79215333,0.9937755445170243
-73.95286,40.78659167,0.9844698362100006
-73.961075,40.75933833,0.9952023254960243
-73.97226167,40.79645333,0.9867542209637699
-73.96766833,40.80002167,0.9965256946295004
-73.949095,40.79414667,0.9925610991978573
-73.96059167,40.797535,0.9895611773483338
-73.93322,40.795155,1.0000509872524999
-73.94806167,40.78681,0.9919803309016666
-73.899135,40.81350667,0.9959994311208331
-73.90962667,40.84315667,0.990301047800001
-73.95757833,40.76121,0.9956993961125002
-73.91770833,40.83735333,0.9910451249716662
-73.98724667,40.77075833,0.9967392156694048
-73.87953667,40.80615167,0.9990280309016671
-73.97206,40.765805,0.9956409929988097
-73.9024,40.83370667,1.0114854047760125
-73.95461833,40.79562833,0.9829921904828579
-73.90329667,40.811215,1.0064447647749997
-73.93413833,40.79555833,1.008359532270833
-73.90040833,40.81547667,0.9980953498583335
-73.95488,40.80417,0.9929828522299994
-73.92372,40.84413333,0.9976019025180003
-73.895605,40.80892667,1.006293905744166
-73.95195833,40.7693,0.9924948142300007
-73.92564667,40.84142667,0.9915035921969989
-73.942635,40.79075333,1.0060781354033341
-73.92131667,40.83194167,0.9971752385278572
-73.98715333,40.77091833,0.9974695897077386
-73.89874,40.81051333,1.0045418978866665
-73.897585,40.81975,1.0044067856950012
-73.90627,40.843665,0.9921427296975002
-73.970495,40.767875,0.9889665164966672
-73.941085,40.79014833,0.9874284757641667
-73.97013333,40.79409667,0.9999896019476665
-73.88117167,40.80541333,1.0027508226700002
-73.91002833,40.84028333,0.9892059678700007
-73.88944167,40.80749333,1.006279360922334
-73.95901667,40.75951,0.9945664854569053
-73.90356167,40.817495,1.0090227111299996
-73.96688667,40.807605,0.9919113237599407
-73.97541167,40.786255,0.996137067470001
-73.912915,40.835245,0.99702058433
-73.89614833,40.81892,0.9914261796199996
-73.95433333,40.78149167,1.0047137929749994
-73.92512667,40.84229167,0.9929279006823813
-73.90222167,40.80517667,1.0011136117850008
-73.917745,40.83730333,0.9910451249716662
-73.95701833,40.76218833,0.9897149214600002
-73.91789333,40.83208833,0.9958016916749992
-73.956985,40.76223,0.9879928448860004
-73.96148333,40.75945667,1.0052595299800002
-73.90956,40.84112667,0.9879305780316676
-73.94763167,40.7854,0.9908494891904165
-73.97201333,40.765855,0.9904911797048815
-73.95799667,40.76086,0.9806744398083331
-73.96383333,40.76041333,0.9897456942283333
-73.88087333,40.80545833,1.0012085747799997
-73.98283833,40.782095,0.9888405402033338
-73.94646,40.785155,1.0036559768158335
-73.90953333,40.84341,0.9896351043966675
-73.969145,40.793605,0.9973162920866662
-73.94900333,40.79004833,0.9922958728725
-73.95807667,40.80547333,0.9957722411533335
-73.98504833,40.780215,0.9932737515183336
-73.89324667,40.84277667,1.0005432325324994
-73.95255667,40.786845,0.9949422162433329
-73.95508,40.79237667,0.9983086474895244
-73.92208333,40.841025,0.9988753689550002
-73.892235,40.842125,1.0003986242227783
-73.88972167,40.80855,1.0119057407366672
-73.958945,40.75958833,0.9942354024766666
-73.96860667,40.76490833,0.98918673463
-73.95697833,40.81226,0.9996029180970831
-73.971345,40.76693167,1.0017897726374991
-73.88797,40.82323333,0.9925666461613095
-73.97463167,40.79340167,0.993311496325
-73.946495,40.785135,1.0036559768158335
-73.95584,40.79158,0.9859426045899997
-73.91757833,40.84419667,1.004424095485001
-73.90011833,40.81484833,0.9918937823333336
-73.97195667,40.76595333,0.9898278809173813
-73.97126833,40.767035,0.9875936392558333
-73.93475833,40.7991,1.0087340953608328
-73.96877667,40.76495667,0.9997327153285714
-73.94826333,40.79514333,1.0027045603259523
-73.971365,40.79778667,0.9995833845300001
-73.95539167,40.79191833,0.9751938700923336
-73.95947,40.7742,1.0048820818649993
-73.96063833,40.772585,0.9959916178266662
-73.903525,40.80943333,1.0033154921737495
-73.971035,40.76733,0.9881943277951192
-73.90302833,40.80945167,1.0112788646750004
-73.957995,40.78214667,0.9829404502501667
-73.949355,40.79019833,0.9912815711091667
-73.95730833,40.81173833,0.9960752299828098
-73.95949333,40.77413167,1.0039829380949994
-73.97253333,40.79134,1.0053923579325004
-73.970795,40.76757167,0.9884257422497386
-73.964165,40.80805833,0.9999318629574998
-73.952775,40.774125,0.9930915187110001
-73.96780333,40.800805,1.0014780774741667
-73.94580833,40.77790333,0.9940028032208338
-73.960155,40.77318667,0.9936307646699994
-73.95950833,40.77407667,1.0039829380949994
-73.90968333,40.842745,0.9870999519566669
-73.89594667,40.80889833,1.002973925648333
-73.93151,40.79741333,1.005027050616666
-73.96144,40.797755,0.9959889044461903
-73.95109333,40.79770167,0.9985539371390001
-73.95569667,40.79168167,0.9835041064858925
-73.96358167,40.80831,0.9906869102483334
-73.91739333,40.84411,1.0022572552910005
-73.96988833,40.79453667,1.0014273504633335
-73.879635,40.80643333,0.9993441739249996
-73.96904,40.79355167,0.9964520082216666
-73.983515,40.775965,1.0023914055250005
-73.91753833,40.84416833,1.0002865917683332
-73.95755667,40.76125333,1.0034030624286667
-73.98553167,40.78030667,1.000297788208143
-73.94354333,40.78470667,0.9983248235966659
-73.92570833,40.84131333,0.9958966547266662
-73.97783167,40.78652,0.9953148559266665
-73.95793167,40.80602167,0.9964897530233334
-73.972215,40.765515,0.9981786527000002
-73.97948333,40.79043667,0.9984437080051671
-73.90565167,40.84361667,1.0007499874633334
-73.89642,40.81940667,1.0047228083775004
-73.972105,40.76878333,0.9845335453366661
-73.92396833,40.84403833,0.9925271496525001
-73.97109,40.76729167,0.9892582571691654
-73.90371167,40.80930667,0.997542709544405
-73.95429833,40.81096833,0.9996601449204766
-73.90236333,40.83376333,1.0114854047760125
-73.89312667,40.84268,0.9993320329648337
-73.95801667,40.81085833,0.9972807110050009
-73.94812,40.806325,0.9921928558149996
-73.90793333,40.80256,1.005045923131667
-73.94937833,40.77346333,0.9885051645799983
-73.98492333,40.78015333,0.9976055087033338
-73.970135,40.794275,0.9977093669633339
-73.89464833,40.809025,0.9973941859060004
-73.899735,40.81426333,1.003858335532762
-73.90311167,40.809555,0.997445634184833
-73.96292,40.809115,0.9873537588528574
-73.95783,40.78233333,0.9964808578166671
-73.88759333,40.806415,0.9933398649000006
-73.96336167,40.80860333,0.9867250363808919
-73.95013333,40.81740667,0.9928172075949999
-73.954585,40.79564833,0.9876105197528576
-73.903075,40.817455,0.9940400670258331
-73.95623667,40.79130833,0.9868409069791677
-73.91732667,40.84535833,1.0010667312966677
-73.90507833,40.84362,0.9940828605580557
-73.951195,40.77346667,0.9982623164799997
-73.90236167,40.81729167,1.00304917491
-73.96040833,40.80168167,0.9916846230200005
-73.944875,40.78727667,0.9914893049558099
-73.98692,40.77126667,0.9953217934450709
-73.94251333,40.78649167,1.006480483295953
-73.95009667,40.79031333,0.9981966837533338
-73.884795,40.804875,1.0031159065592865
-73.95473333,40.82247167,0.9984714756033333
-73.947025,40.78921333,1.0050500701804164
-73.94809667,40.78557667,0.9911982681333342
-73.95631167,40.80473,0.9960263574991659
-73.906315,40.81544167,0.9972193543346437
-73.906095,40.84464833,0.997837266588334
-73.98854333,40.76914833,0.9999331850216667
-73.95643167,40.82298167,0.9860487469658326
-73.96454833,40.799075,1.0011758329435707
-73.95014667,40.77375167,1.002022852915
-73.90134833,40.83540667,1.001900963579167
-73.89738667,40.80789833,0.9985460035100009
-73.91745,40.845115,1.0081627544450003
-73.904615,40.80801667,1.0032299653716665
-73.91316,40.827285,0.9874638335228098
-73.914005,40.83562167,0.9894288304316672
-73.91233667,40.82942333,1.003407750583333
-73.96472333,40.79915667,0.9941133930398339
-73.91226833,40.82940167,1.0021269515949995
-73.91735333,40.83290167,1.0080278828733342
-73.953495,40.81755667,0.9883774584864436
-73.90972167,40.82632333,0.9981288873649996
-73.95696333,40.77681833,1.0030616762789997
-73.91689667,40.80412167,0.9902420263883331
-73.894685,40.84391667,0.9986104512094761
-73.91581333,40.83496167,1.0041357460960116
-73.89158833,40.82145833,1.0063137398900006
-73.91717,40.83334167,1.0047614745150006
-73.93579667,40.79961667,1.0124238302233335
-73.909525,40.82669667,1.0039156223799994
-73.925235,40.826975,1.005526387995001
-73.90352,40.81751,1.0053744473266664
-73.91058667,40.83936333,1.0020283822583336
-73.92255,40.82338833,0.994110989041833
-73.95286,40.818075,1.0053340578783325
-73.9122,40.84474833,0.9888237114433331
-73.903805,40.81188,1.0029701993141664
-73.92686333,40.83529333,1.0058641679783338
-73.90882667,40.843765,1.0029575776200002
-73.99138833,40.77586333,0.9942344409120006
-73.962415,40.80243333,0.9984559172838097
-73.893215,40.84425667,1.010742503594833
-73.89811667,40.81923333,1.0125440366200003
-73.89667833,40.84407833,0.9975271340666667
-73.92572833,40.84127,0.9988595016216674
-73.89257667,40.84387167,0.9945178875800004
-73.95827667,40.774705,1.0033535375783336
-73.93841,40.80229333,0.9947330742694521
-73.96528333,40.79930667,0.9915848518033331
-73.94929167,40.79698333,0.9997740490409519
-73.88392667,40.81553333,1.0001844164783327
-73.89794333,40.83639,0.9982078629558341
-73.896715,40.80842,1.0085898476625
-73.98891833,40.76938833,1.005733383423333
-73.90439333,40.808115,0.9996236534724986
-73.91538833,40.83536667,1.0060519704913327
-73.97155833,40.766505,0.980371382255714
-73.95496167,40.77345667,0.9974821769383324
-73.94806667,40.79310667,0.9862597091316668
-73.97364167,40.79474167,0.9911521088291674
-73.95694833,40.80499,1.0050108229258328
-73.90419833,40.81585833,0.9962839598720002
-73.92742833,40.83408,1.00262460603
-73.91715167,40.844005,0.991782711548334
-73.957195,40.82223833,0.9818685699116669
-73.90078,40.8415,0.9990670982525
-73.95710667,40.80716333,0.985997418816667
-73.95403167,40.77551333,0.9965354314583332
-73.91676667,40.80406833,0.9927132291141669
-73.89541,40.81758333,1.0003070268699994
-73.894235,40.80907833,1.0008359350400002
-73.90390667,40.80835167,0.9993069097449996
-73.89524667,40.81734,0.9975478781088097
-73.95109833,40.78876833,0.9956102030424994
-73.891595,40.82153167,1.0044980224025
-73.95975,40.801385,1.003741684010834
-73.94890167,40.80167,1.0072393289516672
-73.96678333,40.80389833,0.9771631596827848
-73.93246333,40.79813333,1.003015757600667
-73.964275,40.76059167,0.9903902751502379
-73.97178833,40.76615667,0.9920215788569758
-73.95899333,40.809555,0.9955687318740005
-73.91556667,40.83522167,1.0034010360876195
-73.961635,40.79784833,0.9792630968666662
-73.94739333,40.78528667,0.9951022107658334
-73.95279,40.77490333,0.9989261559904175
-73.919065,40.84354333,0.9901315566466661
-73.92630833,40.834865,1.0022681940358331
-73.95199333,40.81882333,0.9994892626641668
-73.93536833,40.80039333,0.9971141049970007
-73.89158333,40.821185,1.0004368499866672
-73.96228333,40.79816,0.9961526944700004
-73.947745,40.79293,1.0003454929533329
-73.89792833,40.81943,1.0078956559299996
-73.87980333,40.80564167,0.9990545967008337
-73.95477667,40.78076833,1.0002359448349998
-73.956035,40.77378667,0.990759205622024
-73.93538667,40.80095333,1.007384778643333
-73.92721,40.834035,1.0096614876899996
-73.95703667,40.7632,0.9989061416516662
-73.95860333,40.76001667,0.98290385602881
-73.962185,40.80231667,0.9952372198396426
-73.95936,40.77446667,0.997296217740834
-73.91331167,40.82978,0.998048829920001
-73.895245,40.84396167,1.007699273103572
-73.90502167,40.84424,0.9940238393800004
-73.96481667,40.799195,0.9921967022683336
-73.92139333,40.83182,1.0026143885224992
-73.91755,40.84626833,1.007437068530834
-73.88854167,40.806315,0.9887013412383334
-73.95483667,40.794275,0.9842081868849992
-73.98883667,40.769325,0.9999319830800006
-73.94841667,40.78615167,0.9947210364400004
-73.91302167,40.83857333,0.9912362533033336
-73.95843667,40.76429833,0.997970214776666
-73.89597667,40.84400167,0.9892408275000001
-73.90328,40.8087,0.9986650076166659
-73.90519333,40.80768,1.001479932172857
-73.93185,40.79783833,1.0024065517316676
-73.88334667,40.81329,1.008481060849166
-73.98191333,40.78349667,1.0041812271054766
-73.95489333,40.773545,0.9955745015483325
-73.96964,40.76536333,1.004908286905
-73.959795,40.80140333,1.003741684010834
-73.91729,40.84560167,0.9906393428285705
-73.92724333,40.83541667,1.005732936903738
-73.89827833,40.81907833,1.0048841940246427
-73.91718167,40.83325167,1.0056453924283337
-73.91836667,40.844505,0.9926789703133323
-73.88595,40.80504,1.001081156036667
-73.91238,40.83506167,0.9929491943000006
-73.91654667,40.84372,0.987807039881905
-73.953765,40.79819333,0.9866378583528334
-73.96897,40.76510667,0.9991085693133326
-73.98839833,40.76930833,0.9994226685408334
-73.9536,40.80364333,1.0047407191800009
-73.89359333,40.84446,0.9994295203483334
-73.92751833,40.83859333,0.9809201414999994
-73.88758833,40.82077167,1.0080735610396676
-73.95790833,40.774565,1.004909729245
-73.94574333,40.78616,0.9886614324350006
-73.90973,40.840805,0.9869160361966669
-73.89895667,40.83655833,1.00906045584
-73.948925,40.79436,0.9839649693000004
-73.89852833,40.81886667,1.0071157168066667
-73.89892167,40.81846333,1.0100754784999992
-73.894965,40.80901833,0.9935474614080007
-73.95905167,40.81632333,1.0046212340733334
-73.988065,40.76966,1.0050028892775005
-73.95814667,40.77465667,1.0049909889373334
-73.95968167,40.80942667,0.9930744495349997
-73.95230333,40.774715,0.9933097276800008
-73.87966833,40.80660333,0.9991157816250003
-73.96921333,40.76518667,0.9936152921527389
-73.98791333,40.76985833,0.9968258499049999
-73.887645,40.82072333,1.008228627448001
-73.92759667,40.82512667,0.9944166739980005
-73.95475667,40.79444,0.983439907698
-73.90928667,40.8438,0.9991284033991665
-73.90280667,40.80849833,1.0007539542575001
-73.896405,40.83876333,0.983343330587143
-73.943345,40.79105833,0.9997918681644762
-73.89379667,40.809135,1.0012350202299998
-73.92758167,40.83860333,0.9809201414999994
-73.929355,40.82962667,0.9929483528825004
-73.94887667,40.79442333,0.9839649693000004
-73.95904833,40.78071333,1.0048129632391658
-73.95209833,40.77465167,0.9950174651566672
-73.98273833,40.78222,0.9858816602041677
-73.98848167,40.769195,0.9999331850216667
-73.95282333,40.81810833,1.0053340578783325
-73.92761833,40.82505333,0.9919721569300002
-73.90984333,40.826115,0.9987718197571424
-73.98481667,40.77417667,1.0025176224249996
-73.88612167,40.805795,1.001985108046667
-73.89464333,40.81779333,1.0054482538974991
-73.954065,40.79587667,0.996624607381548
-73.94844833,40.79487333,0.9883599893502385
-73.95912167,40.80943333,0.9823055202833334
-73.96473333,40.80831333,0.9988573380233338
-73.93796167,40.80208333,0.991682459517667
-73.94821333,40.795215,0.9945515452666673
-73.95698167,40.81402333,1.000332871179167
-73.98765833,40.770145,0.9968054151050002
-73.95334333,40.77503167,0.9979690127816673
-73.89783167,40.83627167,1.0065183912563334
-73.95161833,40.76979667,0.9990448598099992
-73.88209833,40.8127,1.006209160133333
-73.911355,40.83470833,0.9989042184166663
-73.90652333,40.84469167,0.9926268695685708
-73.96174333,40.81029833,1.00031568185
-73.954845,40.79424833,0.9844441920316662
-73.93846833,40.85229167,0.9948327080571108
-73.93244833,40.79610667,1.002753226811667
-73.91649,40.834185,1.0017777519629993
-73.95451,40.80401333,0.9979468947716661
-73.96290333,40.80265333,0.9949374079949996
-73.95828167,40.76455833,1.0011249113183327
-73.895195,40.840695,0.9947518091199996
-73.94478333,40.80008,0.9997660982550003
-73.90266,40.83337667,1.007994225026667
-73.89440833,40.84419667,0.9932207403875006
-73.90281667,40.808575,0.9954290519949996
-73.95429333,40.76869333,0.9933566939049999
-73.88908167,40.81861,1.0081559026124998
-73.90456667,40.81534,0.9881443048100006
-73.95658667,40.762765,0.9905279372212499
-73.898605,40.81880333,1.0074890778293333
-73.88737833,40.81410333,1.0163116652850002
-73.98473833,40.774265,0.9978385889174999
-73.927855,40.82134,1.008751405119999
-73.9097,40.84086667,0.9864989200500003
-73.984385,40.774745,0.9976709010333344
-73.957215,40.814255,1.000402711406999
-73.964235,40.79894167,1.0007077864816072
-73.91369,40.82690167,0.9948003726450005
-73.953395,40.82254333,1.006542973419167
-73.95733167,40.77728833,1.0034564339999996
-73.91549333,40.80421833,0.9903445624799998
-73.880915,40.81152667,1.0013936928433342
-73.91990833,40.83434333,0.9970025533899998
-73.92032667,40.833665,1.0127255484116662
-73.91376333,40.82685167,0.9948003726450005
-73.97042333,40.76511333,0.994684373346667
-73.94539667,40.79196833,0.9879199997050004
-73.94658833,40.811645,0.9843947070491664
-73.89910667,40.81815,1.010116949749166
-73.94311667,40.80235333,1.0019732877066667
-73.96771833,40.801715,1.0099122380500005
-73.91312333,40.83861167,0.9951068988033331
-73.888585,40.823425,0.995722355591666
-73.92573667,40.82608167,1.0103262289299992
-73.95396167,40.79502333,0.9735310553000012
-73.925275,40.82094333,1.00239423034
-73.88828333,40.814165,1.0081848721316666
-73.90457167,40.81237833,1.0087560934050006
-73.95648833,40.808055,0.9986350761608341
-73.95703833,40.77775833,0.9984888197185713
-73.91415667,40.81642667,1.001542267813333
-73.88502167,40.81249667,1.0056602978916664
-73.91440167,40.83907,1.0022711991999989
-73.91688333,40.81158333,1.0037621191771668
-73.95503667,40.768995,1.0116148413499992
-73.89778667,40.80872333,1.0021435400399994
-73.88768667,40.816435,1.003016478813333
-73.91684167,40.81832667,1.0053773320500003
-73.928015,40.82156,0.9978420748799998
-73.90333667,40.83239167,1.0080915921933316
-73.956075,40.77899667,1.001562393612801
-73.92338333,40.82285333,1.0082117984749992
-73.88873167,40.82591333,1.0121076874816666
-73.95734167,40.822095,0.9851441938850004
-73.94967,40.80212,1.0021005062225001
-73.95110833,40.77415333,0.9990911994645828
-73.916905,40.81819833,1.0045262708566667
-73.92789,40.82876667,1.0065789953933335
-73.90241833,40.83191,1.0140892896174991
-73.94677167,40.80067333,0.9975456458600002
-73.91132167,40.83815,0.9913396307716676
-73.88640667,40.81517667,1.0108327784966666
-73.88276167,40.80516833,1.0003602612373808
-73.970955,40.76449167,0.9951285360100001
-73.93840833,40.85323,0.9964177494441665
-73.95042167,40.828105,0.9911905748416667
-73.92029667,40.82235,0.9950047233575005
-73.95137667,40.82775167,0.999895921188334
-73.89914,40.81825833,1.0077119806216661
-73.94485333,40.79999167,0.9911379246200004
-73.95094,40.77068333,1.0151633338399997
-73.928,40.828835,1.0131518001800002
-73.93497,40.85694833,1.004763661502381
-73.900165,40.84130833,1.0024659336400006
-73.93549,40.799435,0.9929333270399995
-73.94836,40.80914,1.0028127288925
-73.95611333,40.77655,1.004389956774166
-73.958805,40.81604167,1.0097360156600004
-73.95662833,40.76301,0.9912370948458334
-73.89142667,40.80950667,1.0015511630800011
-73.91336167,40.81802,0.9964221969250004
-73.915845,40.84339167,0.9952908146450002
-73.94817,40.80934833,1.0000729851125
-73.90655833,40.80691833,1.00013272773
-73.90327333,40.83221833,1.0098341039599987
-73.92103167,40.84225833,1.0048024881665467
-73.91189833,40.82040167,0.99578486274375
-73.90588333,40.80402167,0.9960586730041666
-73.90573167,40.826655,1.001546595173333
-73.96764,40.802315,0.9877983508649999
-73.91044667,40.82497833,1.003254367138667
-73.89537667,40.810705,1.005362907440001
-73.91118,40.82158833,0.996710967180286
-73.90675333,40.83162167,1.004662104485
-73.9144,40.81598167,1.0102690108166665
-73.95602333,40.77648833,1.0062440200449998
-73.95771833,40.82165333,1.0040651937602385
-73.95971333,40.81915833,0.999000624090334
-73.93966333,40.80439,1.006532154805833
-73.91657,40.83409167,1.0008635822633323
-73.88372333,40.814715,1.0069549205486659
-73.92625333,40.82550667,1.0182820883400006
-73.958745,40.77490333,0.9974737624366665
-73.896195,40.812295,1.0095641202900003
-73.90958667,40.81901,0.9982612043637498
-73.95390833,40.81774,1.0024238612399987
-73.94762833,40.80501833,0.9978938839108337
-73.92711167,40.83684667,0.9981541305291672
-73.950715,40.770995,1.006932562219999
-73.95317667,40.81086667,0.9982687045248096
-73.95087,40.828295,0.992809754983333
-73.95641667,40.80816,1.00450102763
-73.90501167,40.81243,1.0086511530525
-73.91447333,40.83909667,1.0022711991999989
-73.95641333,40.76700667,1.0019250046400001
-73.94682833,40.79254,1.0107289203275003
-73.90144833,40.83526833,1.0022756468485006
-73.93510667,40.856515,1.0039396638349993
-73.95026,40.82633333,1.0100822101550007
-73.96389833,40.803115,0.9968583057950002
-73.92680833,40.820025,1.0117807262449996
-73.949935,40.82212667,1.0076009098183336
-73.94524667,40.791905,1.008709281378809
-73.95747833,40.81447167,1.0061021766487779
-73.938315,40.85225667,0.9917699696766672
-73.886315,40.81508167,0.9938816952408333
-73.90274667,40.80809,0.99567547494
-73.94783333,40.80122333,0.9928788734691668
-73.91785333,40.82135,1.0063730016575
-73.90180167,40.82991833,1.0071736966200013
-73.92715333,40.83694667,1.0040370310433335
-73.90709,40.813395,1.0089306328433334
-73.90569167,40.81255667,1.0131763222450003
-73.94996833,40.77214333,1.016099981817
-73.95628833,40.81817667,1.0024887727833327
-73.94262,40.80300167,1.0069005873633337
-73.885985,40.80516167,0.9961532954483335
-73.95663667,40.80783667,1.0019102194966671
-73.89108,40.80955,1.0139216018233328
-73.90856667,40.819325,1.00833206501875
-73.95634833,40.80825667,1.0022751660658336
-73.905805,40.80397833,1.0012189126716675
-73.99316333,40.77099333,0.9952920165566672
-73.91834667,40.83135333,1.0099884489050002
-73.88836667,40.81414167,1.0081848721316666
-73.94795,40.8254,1.008613888939166
-73.94740833,40.80539333,0.9982581091208337
-73.89838333,40.81538333,1.0056230682902383
-73.88806167,40.81696333,1.00711792064
-73.92751,40.83609333,1.0003382807683343
-73.92344167,40.82275167,1.0066969576774998
-73.92994333,40.82993833,0.9897613210983331
-73.892005,40.82039667,1.0031883738800005
-73.958745,40.81598,1.0068178854083334
-73.89825,40.817515,1.0113773133919999
-73.8973,40.83765167,1.0018522798024996
-73.907355,40.83061667,1.0022695164459996
-73.99219333,40.77056833,0.9994595718933337
-73.890005,40.809575,1.0048915780801675
-73.88873667,40.825195,1.0043567799083324
-73.96696,40.80363167,0.9980970325925006
-73.94979667,40.77238,1.0122123270863337
-73.967625,40.80240833,0.9919102333027144
-73.91402,40.8267,0.9910415189683335
-73.92663333,40.83859667,1.001911541755666
-73.889,40.80629333,1.013622545621786
-73.90162333,40.840655,1.008847346955952
-73.88382333,40.81513667,0.9998399050916663
-73.95991167,40.81886667,1.0106640088824996
-73.90819833,40.82002667,0.994498654735
-73.92796333,40.82146167,1.0058551526848327
-73.94582167,40.813665,1.003444413383333
-73.91688167,40.81824167,1.0103622908283332
-73.91344833,40.81805667,0.9973081179050012
-73.91319,40.83864333,0.9990645738266671
-73.90831333,40.81979333,0.9957621238616671
-73.94402167,40.80110833,1.005753578048333
-73.91057667,40.82469667,1.005601396823333
-73.96708833,40.80343833,0.9964457575399994
-73.90664667,40.83186833,1.00579084229
-73.906675,40.80724,1.0034047453633332
-73.95321333,40.82268,1.005459055278214
-73.95505833,40.768935,1.0089132029524992
-73.903065,40.83277167,0.9943628212600002
-73.910895,40.82208667,0.989273283063334
-73.92321333,40.8232,0.9915499919466665
-73.913715,40.819245,1.008026480609167
-73.92732,40.83648333,1.0053526297800008
-73.91877,40.83076167,1.0067873531
-73.89753667,40.81623167,1.0050597470679996
-73.91799833,40.82138167,0.9935910964149999
-73.94412833,40.80097333,1.0105192804649996
-73.88917833,40.806535,0.9992798633675001
-73.90180333,40.84036333,1.0070353214157144
-73.90721167,40.81302833,1.0069651039082144
-73.88511833,40.804805,1.0059853359466673
-73.91979,40.83454333,1.0039011977250007
-73.926155,40.83864667,1.0023249315868341
-73.95398833,40.79501,0.9913267687741667
-73.94895833,40.80662333,1.0020836773149997
-73.89815667,40.81745333,1.0044409243300005
-73.91352333,40.84501833,0.9990292331166671
-73.88721,40.82098,1.0074235538354757
-73.95652667,40.817855,1.0063407862316665
-73.95433667,40.79483167,0.9754013806210713
-73.957435,40.77713667,1.0034534288824997
-73.90859833,40.81925333,1.0082836819199994
-73.89488,40.81244,0.9973030692783342
-73.96657,40.76173167,1.0081176771575
-73.94724833,40.82695167,1.0087078503908338
-73.94679,40.78497667,0.9946895423966666
-73.888435,40.8219,1.0100299202041665
-73.95447667,40.82236,0.9980285150000003
-73.95979833,40.81788667,1.0040714100616666
-73.89967667,40.83744,1.0057091017300008
-73.888725,40.82527167,1.0048267868683325
-73.92176167,40.84128667,0.9993741051458332
-73.949105,40.80174667,1.0016136702600003
-73.91587667,40.84341333,0.9952908146450002
-73.88858,40.82013167,1.006609447579
-73.92720833,40.83858167,0.9991483576061663
-73.9235,40.822655,1.0025037985474996
-73.9024,40.83583,1.0062670999466659
-73.94767833,40.804945,0.9978938839108337
-73.95045333,40.82152833,1.0046777310700001
-73.91705833,40.81788167,1.0145115146066666
-73.91444167,40.81590167,1.0102690108166665
-73.989665,40.76961833,1.0046498432016664
-73.9277,40.83799667,1.0085449706108334
-73.88897,40.82614,1.0068247371624997
-73.90213833,40.83855167,1.0088224471466665
-73.97289833,40.76470333,1.0028421794583335
-73.93567,40.85557833,1.0048439764683332
-73.92505,40.82728667,1.0000569833020956
-73.9076,40.82537,1.0059893028891678
-73.95227333,40.8224,1.0073427064483322
-73.92109333,40.84207833,1.0073671084758329
-73.90787,40.82969667,1.0176597797491673
-73.925565,40.81185167,1.0079052724
-73.92020333,40.80381,1.0077551345291669
-73.91703333,40.81133333,1.0005594605100006
-73.91502,40.83927167,1.0032844532585714
-73.91529833,40.81451333,0.9946659475280956
-73.95131833,40.80464333,0.989861057927143
-73.90041833,40.83100833,1.0105810666999986
-73.90781667,40.804365,1.0116809546783332
-73.96556,40.80860167,1.0024161680723325
-73.91344333,40.81764833,1.0004449638050004
-73.94750333,40.80523167,0.9982603330316665
-73.91556,40.814055,0.9972237331499996
-73.88591667,40.80491833,1.0026920418295
-73.91577333,40.82062667,1.0063952396083335
-73.942,40.80379833,1.014230291709999
-73.92731333,40.81059333,1.0062281529633326
-73.929665,40.85748,1.0089805786095827
-73.95325333,40.81254,1.0136727745183327
-73.93138833,40.832545,0.9925939846691668
-73.90421,40.827805,1.0271610124666664
-73.950725,40.82658,1.0082214152
-73.90694833,40.81372333,1.0071078232483333
-73.97295833,40.76460167,0.9882917979225
-73.91921833,40.82172333,1.0057601895133335
-73.92314833,40.813085,1.0030710869085722
-73.88961,40.81392,1.013018250934166
-73.99017,40.76980833,1.0086812045341664
-73.90232333,40.831875,1.0145124161324997
-73.92969667,40.81767667,1.0028229464216671
-73.94546167,40.81320333,1.0103442596649999
-73.885275,40.81345333,1.0006772625999998
-73.95940167,40.81961667,1.008895772779998
-73.95471,40.81814,0.9981962028183335
-73.911395,40.81944333,0.9955460127308329
-73.92000667,40.83071167,1.007292048080477
-73.99035333,40.76987667,1.0029588399749996
-73.94227,40.80345167,1.0175109644149998
-73.92993167,40.81725667,1.0101122614
-73.927115,40.83688833,0.9981541305291672
-73.95013833,40.82800833,0.9911160468749997
-73.90118833,40.83146667,1.013377067049999
-73.96804833,40.76247333,1.0099764283216672
-73.92565667,40.82784333,0.9979038208475007
-73.95005,40.82799667,0.9911160468749997
-73.91987667,40.84351333,1.007491522015333
-73.91644667,40.812365,1.0054202629576194
-73.88888833,40.81402833,1.0110198196050002
-73.91512167,40.81474,0.9959515891200006
-73.92747833,40.83737667,1.0045174957674994
-73.94713667,40.814145,1.0077850659449998
-73.95832667,40.82126833,0.9978507297116669
-73.92855167,40.83437667,0.9934480507049999
-73.96563667,40.80862333,1.003735553215833
-73.92282667,40.81327333,1.0022290412560713
-73.88834167,40.81744,1.0126433788103575
-73.89170167,40.82336833,0.9998298075400001
-73.932395,40.85924333,0.9984790655392853
-73.919775,40.814825,1.0079385695820002
-73.88878,40.81404333,1.0097865020100003
-73.97295167,40.764625,0.9882917979225
-73.90818667,40.80459167,1.0120247450100002
-73.92286667,40.813245,1.001326411668572
-73.91622,40.81278833,1.0005522479099997
-73.92041333,40.80390167,1.008346670252
-73.90983333,40.81099833,0.9911750854959525
-73.925075,40.82724,1.0000569833020956
-73.91389667,40.83019833,0.99948962367
-73.94804833,40.80953333,1.0029265644916665
-73.891675,40.82303667,1.0022928364133334
-73.93136167,40.83259333,1.003580246648334
-73.92967333,40.83463667,1.0107673865166658
-73.908085,40.82489667,0.9955612788600005
-73.95611833,40.81839333,1.0023270951375003
-73.968215,40.76263,1.0016012720589287
-73.93088833,40.829785,0.9975819481055556
-73.96700833,40.7619,1.0098729308691674
-73.91734333,40.81083,1.0160865186299994
-73.88534,40.82111167,1.0219590814799995
-73.95061333,40.82645,1.013606111601191
-73.92607,40.81158833,1.0132250058391667
-73.94233333,40.80337,1.0141587088550001
-73.92587,40.83911833,1.004347403888333
-73.947835,40.808745,1.0025759225041662
-73.88607833,40.82117667,1.0017086504684527
-73.95296333,40.81264667,1.0052234680216663
-73.95690833,40.81564,1.0132313768783332
-73.94897667,40.825845,1.0080062456533334
-73.94867167,40.81370333,0.9982942397413092
-73.92735333,40.82844833,0.9995658343349997
-73.92272167,40.81333667,1.0080048033183329
-73.91376333,40.83042667,1.0008455516066668
-73.89739333,40.84415667,0.9964166674029994
-73.95433833,40.81791833,1.006054093959999
-73.91852333,40.821515,0.9947787353550005
-73.94363333,40.80163333,1.0019219997825002
-73.943845,40.80132833,0.9968703264899996
-73.92837667,40.834315,1.0105475232619052
-73.91067833,40.81921667,1.001320366826666
-73.92539667,40.84013167,0.9974953997149997
-73.88531167,40.81359,1.0077682372099996
-73.90783333,40.82975667,1.011351589299167
-73.89806167,40.815735,1.0033254091216666
-73.95340167,40.81234667,1.005769205119999
-73.95271167,40.82249167,1.0197275699600004
-73.89131167,40.814285,1.0131035975774993
-73.918755,40.82158333,1.0035249517450004
-73.93015333,40.81678333,1.0111969036431667
-73.89168,40.823105,0.9995754509400006
-73.93154167,40.83219333,1.0043864708674999
-73.97202167,40.76427,0.9951198811799996
-73.90945333,40.84482833,1.0028085216499993
-73.92837833,40.80729333,1.0153508556483324
-73.92188333,40.80452333,1.0097840981799997
-73.93818667,40.80339667,1.0074605087666668
-73.91659167,40.81888,1.0091806619300001
-73.94955167,40.81246833,1.0062788798900002
-73.94690333,40.81404833,0.9867898191158337
-73.92833,40.82136167,1.005616542918333
-73.889095,40.80635667,1.013622545621786
-73.90821167,40.82911,0.998275779495
-73.88949,40.82586,1.012549566053333
-73.93146,40.85877333,1.0015393142028566
-73.92198167,40.81028333,1.0008864217750004
-73.95286667,40.79804167,1.0049362262336907
-73.92785833,40.80984,1.009617011134999
-73.95214667,40.80361167,1.0032463304459527
-73.96785833,40.76284333,0.9985431185739997
-73.89142833,40.814625,1.0030351108725
-73.887725,40.81647667,1.0046835010083333
-73.89647333,40.83364,1.0044433455851187
-73.94238167,40.80329833,1.012935007885
-73.92559,40.83959167,0.9968853522708325
-73.931335,40.83264333,0.9975266534000008
-73.91015167,40.82449333,1.0108218398535005
-73.92834,40.82129,1.005616542918333
-73.90656667,40.81275833,1.003289347206667
-73.99008833,40.769775,1.0047258135983332
-73.9158,40.82084,0.9847226300538336
-73.94916167,40.82761833,1.0103009856400007
-73.95805167,40.81524667,1.007709336058334
-73.92945667,40.81829,1.0102985814199996
-73.909725,40.81127667,1.0048485271590482
-73.95420833,40.77451333,1.011022223886667
-73.90828667,40.80468333,1.0071789653308338
-73.94690333,40.82680833,1.0039468761366659
-73.89735667,40.844145,0.9964166674029994
-73.92698667,40.82030833,1.0016929035030477
-73.91536,40.839385,1.0032580936983337
-73.92112333,40.842035,1.0073671084758329
-73.95826667,40.81553333,1.0073384993525
-73.88520667,40.81315833,1.0016881182950006
-73.94563,40.81298167,1.0119213675400005
-73.93056167,40.815525,1.0182430213866662
-73.91987833,40.803695,1.0101447172416669
-73.90797167,40.80816,1.009533502164428
-73.93263833,40.85690667,1.0067693221160008
-73.92028833,40.82208167,1.0017062291899996
-73.92541,40.80601,1.0115787793266668
-73.92186333,40.810435,1.0040256115191672
-73.91836833,40.809095,1.005983335394464
-73.89153833,40.82474667,1.0037100697800012
-73.90880333,40.81019667,1.0078571898300006
-73.916895,40.83842,1.0081625140116666
-73.90743667,40.809715,1.0057938473958339
-73.927665,40.81009,1.0057187182050005
-73.930355,40.83448,1.004155494411167
-73.94932167,40.812825,1.0001179023216666
-73.91893833,40.80444333,0.9949193770500004
-73.95302833,40.80334667,1.007580715090001
-73.89173,40.82368333,1.0114525628500015
-73.88556,40.82123,1.0193037225366666
-73.94143833,40.8046,1.007119563411
-73.949585,40.81237667,1.0035898631083324
-73.92964,40.80978667,1.0153821093299995
-73.93136667,40.85893667,1.005940184207381
-73.93151333,40.82996,1.004968630268334
-73.89152167,40.819655,0.9955516623100009
-73.88524333,40.81330167,1.0028337651050012
-73.93694167,40.85518833,1.010018380359
-73.89838167,40.83255833,1.0077291699608317
-73.91829333,40.81559833,1.0062740717600005
-73.91826167,40.80924333,1.0089596025408332
-73.91885167,40.80470333,1.0131643018700012
-73.92003167,40.82197333,0.9910398361466671
-73.95663333,40.815235,1.00019042673
-73.93583333,40.85529333,0.9996285821066659
-73.93839333,40.803095,1.0036615862999996
-73.918875,40.8145,1.0082351186849998
-73.93057833,40.81526667,1.0133123958303336
-73.95308667,40.80337333,1.007580715090001
-73.955765,40.814035,1.0105730126508325
-73.89176333,40.82389167,0.9805859676200022
-73.91887833,40.80461833,1.0056550089700012
-73.91359833,40.83068,0.9965863989900002
-73.93059667,40.85740833,1.0191301445666658
-73.93030167,40.83454167,1.0120331594074998
-73.89810667,40.83276167,0.9952723029033329
-73.93031667,40.857455,1.0055070348441664
-73.91867167,40.80481167,1.0078367546444442
-73.99117,40.77010667,1.0124478715833336
-73.95107667,40.81252333,0.9973451415250004
-73.89868,40.83233667,1.0115763754799998
-73.94681833,40.80829667,1.0135936789633346
-73.91882667,40.81456,1.0091578229116667
-73.91906333,40.81517333,1.000087890559167
-73.908305,40.82887833,1.0070644459659517
-73.93696833,40.85512833,1.0053446360515002
-73.99154333,40.77016833,0.9931835968600002
-73.913395,40.81960833,1.0133073470599998
-73.91942333,40.81500833,1.0104440313950007
-73.93105167,40.85722,1.0030313843366665
-73.936775,40.85552167,1.0024492248541665
-73.94990333,40.81204167,1.0010583166966662
-73.93666333,40.85583333,0.997574735733333
-73.90831667,40.828855,1.0070644459659517
-73.89132167,40.81432167,1.0131035975774993
-73.93130333,40.85713333,1.0103120446613336
-73.89203333,40.81675667,1.013657147791667
-73.92792667,40.80973833,1.0145755244033328
-73.91932333,40.80423333,1.0115143487833336
-73.91854833,40.81467667,1.0098964910941661
-73.95812833,40.82145,0.9946466287025001
-73.95597,40.81442,1.004027156979214
-73.93626,40.856415,0.9956742729999997
-73.99162667,40.77018333,0.9949590450433335
-73.9269,40.82824,1.008406773385333
-73.92123667,40.80425167,1.015045892012166
-73.89917,40.84107,1.0071571879699996
-73.88878333,40.82164667,1.0090536210809518
-73.90921167,40.82412667,1.0086301168999998
-73.92884,40.80909833,1.01521382042
-73.89103333,40.82503167,1.010859464414999
-73.91491,40.818105,1.0182826892849994
-73.92616,40.80627833,1.006848658135
-73.94718333,40.80845833,1.0209296339050002
-73.91743333,40.81610667,1.0108984112733332
-73.91445333,40.80555833,1.0182117676766667
-73.91591667,40.817195,1.0165493132633328
-73.91909667,40.814215,1.0121593762516667
-73.93051833,40.81357667,1.0142811392591669
-73.90755667,40.80937,1.0113405304690002
-73.91728,40.81619667,1.0060334585933328
-73.891795,40.82432,0.9803383424499996
-73.93133,40.82969667,1.0021502716066673
-73.93543667,40.85721333,1.0102348721883332
-73.89111167,40.82498333,1.0105926062299992
-73.93073,40.81428833,0.9969658046352379
-73.89134,40.82487,1.0083524401200001
-73.89255833,40.818625,1.0100689873399993
-73.93105667,40.857525,1.0072674572899998
-73.91175833,40.80445,1.0134545999908335
-73.94712167,40.80843333,1.0240173408189288
-73.933035,40.85603167,1.0110215026783336
-73.909155,40.813145,0.9932485083150001
-73.92142333,40.81104333,0.9975186396366668
-73.9304,40.81352833,1.0041170198278568
-73.92879167,40.80903667,1.0039817360883334
-73.91342167,40.80518333,1.0049638221600004
-73.92964667,40.812905,0.9921822774583337
-73.92874167,40.80898833,1.005448975263333
-73.91809667,40.81502667,1.0168540365674996
-73.93569667,40.854865,1.003506302539881
-73.89262167,40.81855,1.01092004857
-73.91469833,40.81827167,1.0107529616591664
-73.93084667,40.81395,1.024878173073332
-73.93458833,40.85452333,0.9857839323353336
-73.92854167,40.80894167,0.99969157025
-73.912115,40.80492667,1.0118816996899995
-73.911665,40.82198,1.0068671870967858
-73.91938833,40.81380333,1.0161562384300002
-73.93103333,40.83317833,1.0290543832783348
-73.93464667,40.85454167,0.9985193175350002
-73.91722333,40.81541333,1.0025697918199996
-73.911645,40.80440167,1.0025470728058337
